ID,rs17199006,rs17256081,rs2069718,rs2069727,rs2070729,rs2072137,rs2072138,rs2240188,rs303212,rs3737399,rs3911403,rs4251580,rs4988457,rs2296414,rs3132468,rs3213545,rs3740360,rs486907,rs606231248,rs7277299
1,AA,TT,AA,TT,CA,TT,CC,CT,CT,CC,TT,CC,CC,CC,TC,GG,AA,CC,GG,CC
294,AA,CT,AG,CT,CA,TC,GC,CT,,TT,TT,CC,,CC,TT,GA,AA,CC,AG,CC
4723,AA,TT,AG,TT,CA,TC,GC,CT,CT,TT,TT,CC,CC,CC,TT,GA,CA,CT,GG,CC
61,AA,TT,GG,CC,CA,TT,CC,CC,CT,CC,TT,CC,CC,CC,TT,GG,AA,CC,GG,CC
2862,AA,TT,AA,TT,CC,TT,CC,CC,,TT,TT,CT,CC,CT,TT,GA,AA,CC,GG,CC
196,AA,TT,GG,CC,AA,TT,CC,CC,CT,CC,TT,CC,CC,TT,TT,GA,AA,CT,GG,CC
3387,AA,CT,GG,CT,CC,TC,GC,CT,TT,TT,TT,CC,CG,CC,TT,GA,CA,TT,AA,CC
901,AA,CT,AG,CT,CA,TT,CC,CT,CC,CC,TA,CC,CC,CC,TT,GG,AA,CT,AA,CC
3382,AG,TT,GG,CC,AA,TC,CC,CC,TT,CC,AA,CC,CC,TT,TT,GA,AA,CC,GG,CC
756,AA,TT,AG,CT,CA,TC,CC,CC,TT,TT,TT,CC,CC,CC,TT,GG,AA,CC,AG,CC
376,AA,TT,AG,CT,AA,TT,CC,CC,CT,CC,TA,CC,CC,CC,TT,GA,AA,CC,GG,CC
3385,AA,CC,AG,CT,CC,TC,CC,CT,TT,CC,TT,CC,CC,CC,TT,GA,AA,CC,AG,CC
474,AA,CC,AG,TT,AA,TC,GC,CT,CT,TT,TT,CT,CC,CT,TT,GA,CA,CT,GG,CC
78,AA,TT,AG,CT,AA,TT,CC,CC,CC,CC,TT,CC,CC,CT,TC,GA,CA,CT,GG,CC
5,AA,CT,AG,CT,CC,TC,CC,CC,,TT,TT,CT,,CT,TC,GA,AA,CT,GG,CC
2192,AG,TT,AG,CT,AA,TT,CC,CC,TT,TT,TT,CT,CC,CC,TT,AA,AA,CT,AA,CC
1113,AG,TT,AG,CT,CA,TT,GC,CT,,TT,TT,CC,CC,CT,TT,GA,AA,TT,AG,CC
1400,AA,CC,AG,CT,CA,TT,CC,CC,CC,TT,TA,CC,CC,CC,TC,GG,AA,CT,GG,CC
2942,AA,TT,GG,CC,CC,CC,CC,CC,CC,CC,TT,CT,,CC,TT,GA,AA,CC,AG,CC
10,AA,CC,AG,TT,CA,CC,CC,CC,CT,CC,TA,CT,CC,CC,TT,GA,AA,CT,GG,CC
4455,AA,CC,AG,CT,CA,TC,GC,CT,TT,CC,TT,CC,CC,CC,TC,GA,AA,CT,GG,CC
1151,AA,TT,AA,TT,CC,TT,CC,CT,TT,CC,TT,CT,CC,CC,TC,GA,AA,CT,GG,CC
1257,AA,TT,AA,TT,AA,TT,CC,CC,TT,CC,TT,CT,CC,CC,TT,GG,CA,TT,AG,CC
800,AA,TT,AA,TT,AA,TC,GC,CT,CC,TT,TT,CC,CC,CT,TT,GG,AA,CT,GG,CC
1622,AA,CC,AA,TT,CC,CC,GC,CT,TT,CC,TT,CT,CC,CT,TC,GG,AA,CT,GG,CC
712,AA,CC,GG,CC,AA,TC,GC,CC,CT,CC,TT,CC,CC,CC,TC,GG,AA,CT,AA,CC
347,AG,CC,AA,TT,CA,TC,CC,CC,CT,CC,TT,CC,CC,CC,TC,GG,AA,CT,AG,CC
3839,AA,TT,AG,TT,AA,TT,CC,CT,CT,TT,TT,CC,CC,CC,TT,GG,AA,CT,GG,CC
4070,AG,TT,AG,CT,CA,TC,GG,TT,,CC,TT,CC,,CC,TC,GG,AA,CC,AG,CC
825,AG,TT,AG,TT,CA,TT,CC,CC,CT,CC,TT,CC,CG,CC,TT,GA,AA,CT,GG,CC
2823,AA,TT,AG,CT,CA,TC,GC,CC,,CC,TT,CC,,CC,TC,GG,AA,CC,AA,CC
209,AA,CC,AG,CT,CA,TT,CC,CC,CT,CC,TA,CT,CC,CC,TT,GG,CA,CT,GG,CC
2351,AG,TT,AG,CT,CC,CC,GC,CT,CC,CC,TT,CT,CC,CT,TC,GG,CA,CT,GG,CC
4449,AA,TT,AG,CT,CA,TT,CC,CT,CT,TT,TT,CC,CC,CC,TT,GG,AA,CC,GG,CC
1216,AG,CT,AG,CT,CA,TC,CC,CC,CC,CC,TA,CC,CC,CC,TT,GG,AA,CC,GG,CC
995,AA,CC,AA,TT,CA,CC,GG,TT,CT,CC,TT,CC,,CT,TC,GG,AA,CT,GG,CC
2646,AG,CC,AG,CT,AA,TT,GC,CT,,TT,TT,CC,CC,CC,TC,GA,CA,CC,GG,CC
2976,AA,CT,AG,CT,CC,TT,CC,CC,TT,CC,TT,CT,CC,CT,CC,AA,AA,CC,GG,CC
2810,AA,CT,AG,CT,AA,TT,CC,CT,CT,CC,TT,CC,CC,CC,TC,GA,AA,CT,AG,CC
1378,AA,TT,GG,CC,CA,TC,GC,CT,CT,TT,TA,CC,CC,CC,TC,AA,AA,CC,GG,CC
3303,AA,CT,AA,TT,CC,TC,GC,CT,TT,TT,TT,CC,CG,CT,TT,GG,AA,CC,GG,CC
82,AG,TT,GG,TT,CA,TC,CC,CC,,CC,TT,CC,,CC,TT,GA,CA,TT,GG,CC
2955,AG,TT,AG,CT,CA,TC,GC,TT,,TT,TT,CC,CC,CC,TC,GG,AA,CC,GG,CC
3186,AA,CC,GG,CC,CA,TC,GC,CT,CT,CC,TT,CC,CC,CT,TT,GA,AA,CC,AG,CA
1131,AA,TT,AG,TT,CC,CC,GG,TT,TT,CC,TT,CC,CC,CC,TT,GA,AA,TT,AG,CC
1478,AA,CC,AG,CT,CA,TT,GC,CC,TT,TT,TA,CC,CC,CT,TT,GA,AA,CC,GG,CC
4179,GG,CC,AA,TT,AA,TC,GC,CT,CT,TT,TA,CC,CC,CT,TC,GG,CA,CC,AG,CC
2489,AA,TT,AG,CT,CC,CC,GG,TT,CT,CC,TT,CT,CC,CC,CC,GG,AA,CT,GG,CC
1976,AA,CT,AG,TT,CA,TT,CC,CC,TT,CC,TT,TT,CC,CC,TC,GA,AA,CT,AG,CC
4933,AA,TT,AG,CT,CA,CC,GC,CC,TT,CC,TT,CC,CG,CT,TC,GG,AA,CT,GG,CC
3557,AA,CT,GG,CT,CA,TC,CC,CT,TT,CC,TT,CC,,CC,TT,GG,CA,TT,AG,CC
4359,AA,TT,GG,CT,AA,TC,CC,CC,CC,TT,TT,CC,CC,CC,TT,GA,AA,CT,GG,CC
4249,AG,TT,AG,TT,CA,CC,GC,TT,CT,CC,TA,CC,CG,CT,TC,GG,AA,CT,GG,CC
2352,AA,TT,AG,CT,AA,TC,GC,CT,CT,CC,TA,CC,CC,CC,TT,GG,AA,CT,AA,CC
1364,AA,CT,GG,CC,CA,TT,CC,CC,,CC,TT,CC,CC,CT,TT,GG,AA,TT,GG,CC
982,AA,CT,GG,TT,CA,TC,GC,CT,TT,TT,TT,CC,CC,CC,TT,GA,AA,CT,GG,CC
1241,AG,TT,AG,TT,CA,CC,GC,TT,,CC,TA,CC,CG,CT,TC,GG,AA,CT,GG,CC
3987,AA,CC,GG,CT,AA,TT,CC,CC,CT,CC,TA,CC,CC,CT,TT,GG,AA,CT,GG,CC
1790,AA,TT,AA,TT,CA,TC,GC,CT,CT,CC,TT,CC,CC,CT,TC,AA,AA,CC,GG,CC
267,AA,CT,AG,CT,CA,TT,GC,CT,CT,CC,TT,CC,CC,CT,TT,GA,AA,TT,AA,CC
1394,AA,TT,AA,TT,CA,TC,GC,TT,CT,CC,TT,CC,CC,CC,TT,GG,AA,CC,AA,CC
3461,AG,CC,AG,CT,AA,CC,GC,CT,CT,TT,TA,CT,CC,CC,TC,GG,AA,CC,GG,CC
4328,AA,CT,GG,CC,AA,TC,GC,TT,TT,CC,TT,CC,CC,CC,TT,GG,AA,CC,GG,CC
71,AA,CC,AG,TT,CA,TT,CC,CT,CT,CC,AA,CC,CG,CC,TT,GG,AA,CT,GG,CC
1219,AA,TT,AA,TT,CA,TT,CC,CT,TT,CC,TT,CC,CC,CC,TC,GG,AA,CT,AG,CC
50,AA,CT,AG,CT,CA,TC,CC,CC,TT,CC,TT,CC,CC,CT,TT,GG,CA,CC,AG,CC
4,AA,CC,AG,CT,AA,CC,GC,CT,TT,CC,TT,CC,CC,CC,TT,GG,AA,CT,AG,CC
3270,AA,CC,AG,TT,CC,TC,GG,TT,CT,CC,TA,CC,CC,CC,TT,GG,AA,CT,GG,CC
3879,AA,TT,AG,CT,CA,TT,CC,CC,CT,CC,TT,CC,,CC,TC,GG,AA,CC,GG,CC
3189,AA,CC,AG,CT,CA,TC,GC,CC,CT,CC,TA,CC,CC,CC,TC,GG,AA,CC,AG,CC
2684,AA,CT,AG,TT,CA,TC,GC,TT,CC,CC,TA,CC,CC,CC,TT,GG,AA,CC,AA,CC
4675,AA,TT,AG,CT,CA,TC,GC,CT,CC,TT,TT,CC,CG,CC,CC,GG,AA,CC,AA,CC
700,AG,TT,AG,CT,CC,TC,CC,CC,CT,CC,TT,CC,CC,CC,TC,GG,AA,CT,GG,CC
2495,AA,TT,GG,CC,CA,TT,CC,CT,CT,TT,TT,CC,CC,CT,TT,GA,AA,CC,GG,CC
819,AA,CC,GG,CT,AA,TT,CC,CT,TT,CC,TT,CT,CC,CC,TT,GG,CA,CT,GG,CC
4563,AA,TT,GG,CT,AA,TC,GC,CT,CT,TT,TT,CC,CC,CC,TT,GG,AA,CT,AG,CC
29,AA,TT,AG,CT,CA,TT,CC,CC,CT,CC,TT,CC,CC,CC,TC,GG,AA,CC,GG,CC
4516,AA,TT,AG,CT,CA,TC,GC,TT,CC,CC,TT,CC,CC,CT,TT,GG,AA,CC,AG,CC
4614,AA,TT,GG,CC,CC,CC,GG,TT,TT,CC,TT,CC,CC,CT,TC,GG,CA,CT,GG,CC
2041,AA,TT,AG,CT,AA,TC,GC,CT,CC,CC,TT,CC,CC,CC,TT,GG,AA,CC,GG,CC
2316,AA,TT,AG,TT,CA,TC,GC,CT,,CC,TT,CC,,CT,TT,GG,AA,CT,GG,CC
781,AG,CT,AG,CT,CA,TT,CC,CC,TT,CC,TT,CT,CG,CC,CC,GA,AA,TT,GG,CC
1160,AA,TT,AG,CT,CA,TT,GC,CC,CC,CC,TA,CC,CC,CC,TT,GG,AA,CC,AA,CC
3251,AA,CT,GG,CC,AA,TC,GC,CT,CT,CC,TT,CC,CG,CT,TT,GA,CA,CT,GG,CC
3824,AG,TT,AA,TT,CA,CC,GG,TT,CT,CC,TT,CC,CC,CT,TT,GG,AA,CT,AG,CC
4676,AA,CT,GG,CC,AA,TC,CC,CT,CT,CC,TA,CC,CC,CC,TT,GG,AA,CT,GG,CC
1663,AA,TT,AG,TT,CC,TC,GC,CT,CT,CC,TT,CC,CC,CT,TC,GA,CA,CC,AG,CC
4012,AA,CT,AA,TT,AA,TC,GC,CT,TT,CC,TA,CC,CC,CC,TT,GA,AA,CC,AA,CA
1513,AG,TT,AA,TT,CA,TT,GC,CC,TT,CC,TT,CC,CC,CT,TT,GG,AA,CC,GG,CC
72,AG,CC,GG,CC,CC,TC,CC,CT,,CC,TT,CC,,CT,TT,GG,AA,CT,GG,CC
2467,AA,CT,AG,CT,CC,TC,CC,CC,CT,TT,TA,CC,CC,CT,TT,GA,CA,CT,GG,CC
1740,AA,CC,AG,TT,CC,TC,GC,CC,TT,TT,TT,CT,CC,TT,TT,GG,AA,CC,GG,CC
2462,AA,TT,AG,CT,CA,TT,CC,CC,CT,CC,TT,CC,CC,CC,TT,GG,AA,CC,GG,CC
4092,AG,CT,AA,TT,CC,TT,CC,CC,CT,TT,TT,CC,CC,TT,TC,GA,CA,TT,GG,CC
1564,AA,TT,AG,TT,AA,TC,CC,CC,,CC,TT,CC,,CC,TC,GG,AA,CC,AG,CC
241,AG,CT,GG,CT,CA,TC,CC,CT,CT,CC,TT,CT,CC,CT,TC,GG,AA,CT,GG,CC
4021,AA,CC,AG,CT,CA,TT,CC,CC,,CC,TT,CC,CC,CC,TC,GG,AA,CT,GG,CA
2522,AA,CC,AG,CT,CA,CC,GG,TT,CT,CC,TA,CC,CC,CC,TT,GG,AA,CT,GG,CC
2840,AG,CT,AG,CT,AA,TT,CC,CC,CT,CC,TT,CC,CC,CC,TT,GA,AA,CT,GG,CC
3355,AA,TT,AG,CT,CC,TT,GC,CT,,CC,TT,CT,,CC,TT,AA,AA,CT,AG,CA
1851,AA,TT,GG,CT,CA,TC,GC,CT,CT,CC,TT,CC,CC,CC,TT,GG,AA,CT,GG,CC
344,AA,TT,AA,TT,CA,TT,CC,CC,,CC,TT,CC,,CT,TT,GG,AA,CT,GG,CC
1528,AG,TT,GG,CC,CA,TT,CC,CC,,CC,TA,CT,,CT,TT,GG,AA,CT,GG,CC
4054,AG,CT,AG,TT,CA,TT,CC,CC,,TT,TA,CC,,CC,TC,GG,AA,CT,AG,CC
659,AA,CC,AG,CT,AA,TC,GG,TT,,CC,TT,CC,,CC,TC,GG,AA,CC,GG,CC
4601,AA,TT,AA,TT,AA,TC,GC,CT,TT,CC,TT,CC,CC,CT,TC,GG,AA,CC,GG,CC
11,AA,CT,AG,CT,CA,TC,GC,CT,,TT,TT,CC,,CC,TT,GG,AA,CC,GG,CC
4497,AA,CC,GG,CT,CC,TT,CC,CC,CT,CC,TT,CC,CC,CC,TC,GA,CA,TT,AG,CC
2164,AA,CC,AG,CT,CA,CC,GG,TT,,CC,TT,CC,CC,CC,TT,GG,AA,CC,GG,CC
4296,AG,TT,GG,CC,CC,TT,CC,CC,,TT,TA,CC,,CC,TC,GG,AA,CT,AG,CC
4737,AA,TT,GG,CT,CA,TT,GC,CT,,CC,AA,CC,CC,CT,TT,GG,AA,CC,GG,CC
2997,AA,CT,GG,CT,CC,TC,CC,CC,CT,TT,TT,CT,CG,CT,TT,GA,AA,CC,GG,CC
44,AA,TT,GG,CT,CA,TT,CC,CC,,CC,TA,CC,,CC,TC,GG,AA,CC,GG,CC
1314,AA,TT,AG,CT,CA,TC,GC,CC,,TT,TT,CT,,CC,TT,GA,AA,CT,AG,CC
59,AA,TT,AA,TT,CA,TC,GC,CT,CT,CC,TT,TT,CG,CC,TT,GA,AA,CT,AA,CC
1766,AA,TT,AG,TT,CA,TC,GC,CT,,CC,TT,CC,CC,CC,TT,GA,CA,CT,GG,CC
3773,AG,TT,AG,CT,CA,TT,CC,CC,,CC,TT,CC,CC,CT,TT,GG,AA,CC,AG,CC
2634,AA,TT,AG,CT,CA,TC,CC,CC,,CC,TT,CC,,CC,TC,GA,CA,CT,AA,CC
4241,AG,TT,AA,TT,CC,TT,CC,CC,,CC,TT,CC,,CT,TT,GG,AA,CC,GG,CC
12,AG,TT,AA,TT,CC,TT,GC,TT,CT,CC,TT,CT,CG,CT,CC,GA,AA,CT,GG,CC
705,AA,CC,AA,TT,AA,CC,GG,TT,CT,CC,TA,CC,CC,CC,TC,GG,AA,CT,AG,CC
4754,AA,TT,GG,CC,CA,CC,CC,CT,,CC,TT,CC,,CC,TC,GA,AA,CC,GG,CC
1466,AA,CT,AA,TT,CC,CC,GC,CT,,CC,TT,CC,CC,CC,TT,GG,AA,CC,GG,CA
2029,AG,TT,AG,CT,CA,TT,GC,CC,,CC,TT,CT,,CC,TC,GG,AA,CT,GG,CC
3184,AA,TT,AA,TT,AA,TT,GC,CT,TT,CC,TT,CC,CC,CC,TT,GG,AA,CT,GG,CC
2833,AG,TT,AG,CT,CA,TT,CC,CC,,CC,TT,CT,,CC,TT,GA,AA,CC,AA,CC
4451,AA,TT,AA,TT,CA,TT,CC,CC,,CC,TT,CT,,CT,TC,AA,AA,CT,GG,CC
3374,AA,TT,GG,CC,CC,TT,CC,CC,,CC,TT,CC,,CC,TT,GG,AA,CT,GG,CC
4745,AA,TT,AG,TT,CA,TT,CC,CC,,CC,TT,CC,,CC,TC,GG,AA,CT,GG,CC
1490,AA,CC,AG,TT,CA,TT,CC,CC,,CC,TT,CC,,CC,TT,GA,AA,CC,GG,CA
4200,AG,CC,AG,CT,CA,TT,CC,CC,,CC,TT,CC,,CC,TC,GA,AA,CC,AA,CC
28,AA,CT,AG,TT,CC,CC,GC,CT,,CC,TT,CC,CC,CC,TC,GA,CA,CC,GG,CC
4142,AA,CC,AG,TT,AA,TC,GG,TT,,CC,AA,CC,CC,CC,TT,GG,CA,CC,AG,CC
4612,AG,CT,AG,CT,CA,TT,CC,CC,,TT,TA,CC,,CC,TC,GA,AA,CT,GG,CC
1125,AA,CT,AG,TT,CA,TT,GC,CT,CC,CC,TA,CT,CC,CT,TT,GA,AA,CC,GG,CC
3981,AG,CT,GG,CT,CA,TT,CC,CC,,CC,TT,CC,,CC,TC,GG,AA,CT,AA,CC
2458,AG,CT,AA,TT,CA,TT,CC,CT,,CC,TA,CC,,CC,TT,GG,AA,CT,GG,CC
1841,AG,TT,GG,CT,CA,TC,GC,CT,,TT,TT,CT,,CT,TT,GG,AA,TT,GG,CC
2669,AA,CT,GG,CT,CC,TT,GC,TT,,CC,TT,CT,CC,CC,CC,GA,AA,CT,GG,CA
2370,AA,TT,AG,CT,CA,CC,GG,TT,,CC,TT,CC,,CC,TT,GG,AA,CC,GG,CC
2344,AA,CC,AA,TT,CA,TC,GC,CT,,CC,TA,CT,,CC,TT,AA,AA,CT,GG,CC
4229,AA,CT,AA,TT,CA,TC,GG,CT,,CC,TA,CC,,CC,TC,GG,AA,CC,AG,CC
2744,AA,TT,AG,TT,CA,CC,GC,CT,,CC,TT,CC,CC,CC,TT,GG,AA,CT,AG,CC
484,AA,TT,GG,CC,CA,TC,GC,TT,,CC,TA,CC,,CC,TT,GG,AA,CT,GG,CC
2520,AA,CT,GG,CT,CC,TT,GC,CT,,CC,TA,CC,CC,CC,TT,GG,AA,CC,AG,CC
4543,AA,TT,GG,CT,CA,TT,CC,CC,TT,TT,TT,CC,CC,CC,TT,GA,AA,CT,AG,CC
6,AA,TT,AG,TT,CC,TT,CC,CC,,CC,AA,CC,CC,CT,TT,GA,AA,CT,GG,CC
4307,AA,CT,AG,TT,AA,TC,GC,CT,,CC,TA,CC,,CC,TC,GG,CA,TT,GG,CC
